Workbook

Sheet Regras & Pontuação
A1: REGULAMENTO DO BOLÃO - COPA DO MUNDO 2026
A3: 1. SISTEMA DE PONTUAÇÃO PRINCIPAL
A4: Critério | B4: Pontos | C4: Descrição | D4: Exemplo (Jogo Real: 2 x 1)
A5: Acerto em Cheio (Placar Exato) | B5: 25 | C5: Acertar exatamente a quantidade de gols de ambos os times. | D5: Palpite: 2 x 1 -> Ganha 25 pts
A6: Acerto de Tendência + Gols do Vencedor | B6: 18 | C6: Acertar o vencedor e o número de gols que ele fez, mas errar os gols do perdedor. | D6: Palpite: 2 x 0 -> Ganha 18 pts
A7: Acerto de Tendência Simples (Vencedor/Empate) | B7: 12 | C7: Acertar apenas quem venceu ou que terminou empatado, errando os placares exatos. | D7: Palpite: 1 x 0 ou 3 x 2 -> Ganha 12 pts
A8: Acerto do Placar do Perdedor | B8: 5 | C8: Errar o vencedor/empate, mas acertar a quantidade de gols de um dos times. | D8: Palpite: 0 x 1 -> Ganha 5 pts
A9: Erro Total | B9: 0 | C9: Não acertar nenhuma das condições acima. | D9: Palpite: 0 x 3 -> Ganha 0 pts
A11: 2. SISTEMA DE PONTOS BÔNUS (QUEM FAZ O GOL)
A12: Tipo de Bônus | B12: Pontos | C12: Regra de Aplicação
A13: Bônus por Acerto de Gols (Time Casa) | B13: 3 | C13: Ganha +3 pontos extras se acertar o número exato de gols que o Time Casa marcou.
A14: Bônus por Acerto de Gols (Time Fora) | B14: 3 | C14: Ganha +3 pontos extras se acertar o número exato de gols que o Time Fora marcou.
A16: Observação Importante: | B16: Os pontos bônus por gols são independentes e se somam à pontuação principal! Por exemplo, se você apostou 2x1 e o jogo foi 2x1, você ganha 25 (placar cheio) + 3 (gols casa) + 3 (gols fora) = 31 pontos no total.

Sheet Jogos & Palpites
I1: Felipe H. | O1: Amigo 2 | U1: Amigo 3 | AA1: Amigo 4 | AG1: Amigo 5
I2: Palp A | J2: Palp B | K2: Pts Base | L2: Bônus A | M2: Bônus B | N2: Total Jogo | O2: Palp A | P2: Palp B | Q2: Pts Base | R2: Bônus A | S2: Bônus B | T2: Total Jogo | U2: Palp A | V2: Palp B | W2: Pts Base | X2: Bônus A | Y2: Bônus B | Z2: Total Jogo | AA2: Palp A | AB2: Palp B | AC2: Pts Base | AD2: Bônus A | AE2: Bônus B | AF2: Total Jogo | AG2: Palp A | AH2: Palp B | AI2: Pts Base | AJ2: Bônus A | AK2: Bônus B | AL2: Total Jogo
A3: 1 | B3: 11/06/2026 | C3: 16:00 | D3: Grupo A | E3: México | H3: Costa Rica | K3: =IF(OR(ISBLANK(F3), ISBLANK(G3)), 0, IF(AND(F3=I3, G3=J3), 25, IF(AND(SIGN(F3-G3)=SIGN(I3-J3), OR(AND(F3>G3, F3=I3), AND(G3>F3, G3=J3))), 18, IF(SIGN(F3-G3)=SIGN(I3-J3), 12, IF(OR(F3=I3, G3=J3), 5, 0))))) | L3: =IF(OR(ISBLANK(F3), ISBLANK(I3)), 0, IF(F3=I3, 3, 0)) | M3: =IF(OR(ISBLANK(G3), ISBLANK(J3)), 0, IF(G3=J3, 3, 0)) | N3: =SUM(K3:M3) | Q3: =IF(OR(ISBLANK(F3), ISBLANK(G3)), 0, IF(AND(F3=O3, G3=P3), 25, IF(AND(SIGN(F3-G3)=SIGN(O3-P3), OR(AND(F3>G3, F3=O3), AND(G3>F3, G3=P3))), 18, IF(SIGN(F3-G3)=SIGN(O3-P3), 12, IF(OR(F3=O3, G3=P3), 5, 0))))) | R3: =IF(OR(ISBLANK(F3), ISBLANK(O3)), 0, IF(F3=O3, 3, 0)) | S3: =IF(OR(ISBLANK(G3), ISBLANK(P3)), 0, IF(G3=P3, 3, 0)) | T3: =SUM(Q3:S3) | W3: =IF(OR(ISBLANK(F3), ISBLANK(G3)), 0, IF(AND(F3=U3, G3=V3), 25, IF(AND(SIGN(F3-G3)=SIGN(U3-V3), OR(AND(F3>G3, F3=U3), AND(G3>F3, G3=V3))), 18, IF(SIGN(F3-G3)=SIGN(U3-V3), 12, IF(OR(F3=U3, G3=V3), 5, 0))))) | X3: =IF(OR(ISBLANK(F3), ISBLANK(U3)), 0, IF(F3=U3, 3, 0)) | Y3: =IF(OR(ISBLANK(G3), ISBLANK(V3)), 0, IF(G3=V3, 3, 0)) | Z3: =SUM(W3:Y3) | AC3: =IF(OR(ISBLANK(F3), ISBLANK(G3)), 0, IF(AND(F3=AA3, G3=AB3), 25, IF(AND(SIGN(F3-G3)=SIGN(AA3-AB3), OR(AND(F3>G3, F3=AA3), AND(G3>F3, G3=AB3))), 18, IF(SIGN(F3-G3)=SIGN(AA3-AB3), 12, IF(OR(F3=AA3, G3=AB3), 5, 0))))) | AD3: =IF(OR(ISBLANK(F3), ISBLANK(AA3)), 0, IF(F3=AA3, 3, 0)) | AE3: =IF(OR(ISBLANK(G3), ISBLANK(AB3)), 0, IF(G3=AB3, 3, 0)) | AF3: =SUM(AC3:AE3) | AI3: =IF(OR(ISBLANK(F3), ISBLANK(G3)), 0, IF(AND(F3=AG3, G3=AH3), 25, IF(AND(SIGN(F3-G3)=SIGN(AG3-AH3), OR(AND(F3>G3, F3=AG3), AND(G3>F3, G3=AH3))), 18, IF(SIGN(F3-G3)=SIGN(AG3-AH3), 12, IF(OR(F3=AG3, G3=AH3), 5, 0))))) | AJ3: =IF(OR(ISBLANK(F3), ISBLANK(AG3)), 0, IF(F3=AG3, 3, 0)) | AK3: =IF(OR(ISBLANK(G3), ISBLANK(AH3)), 0, IF(G3=AH3, 3, 0)) | AL3: =SUM(AI3:AK3)
A4: 2 | B4: 11/06/2026 | C4: 13:00 | D4: Grupo B | E4: Brasil | H4: Marrocos | K4: =IF(OR(ISBLANK(F4), ISBLANK(G4)), 0, IF(AND(F4=I4, G4=J4), 25, IF(AND(SIGN(F4-G4)=SIGN(I4-J4), OR(AND(F4>G4, F4=I4), AND(G4>F4, G4=J4))), 18, IF(SIGN(F4-G4)=SIGN(I4-J4), 12, IF(OR(F4=I4, G4=J4), 5, 0))))) | L4: =IF(OR(ISBLANK(F4), ISBLANK(I4)), 0, IF(F4=I4, 3, 0)) | M4: =IF(OR(ISBLANK(G4), ISBLANK(J4)), 0, IF(G4=J4, 3, 0)) | N4: =SUM(K4:M4) | Q4: =IF(OR(ISBLANK(F4), ISBLANK(G4)), 0, IF(AND(F4=O4, G4=P4), 25, IF(AND(SIGN(F4-G4)=SIGN(O4-P4), OR(AND(F4>G4, F4=O4), AND(G4>F4, G4=P4))), 18, IF(SIGN(F4-G4)=SIGN(O4-P4), 12, IF(OR(F4=O4, G4=P4), 5, 0))))) | R4: =IF(OR(ISBLANK(F4), ISBLANK(O4)), 0, IF(F4=O4, 3, 0)) | S4: =IF(OR(ISBLANK(G4), ISBLANK(P4)), 0, IF(G4=P4, 3, 0)) | T4: =SUM(Q4:S4) | W4: =IF(OR(ISBLANK(F4), ISBLANK(G4)), 0, IF(AND(F4=U4, G4=V4), 25, IF(AND(SIGN(F4-G4)=SIGN(U4-V4), OR(AND(F4>G4, F4=U4), AND(G4>F4, G4=V4))), 18, IF(SIGN(F4-G4)=SIGN(U4-V4), 12, IF(OR(F4=U4, G4=V4), 5, 0))))) | X4: =IF(OR(ISBLANK(F4), ISBLANK(U4)), 0, IF(F4=U4, 3, 0)) | Y4: =IF(OR(ISBLANK(G4), ISBLANK(V4)), 0, IF(G4=V4, 3, 0)) | Z4: =SUM(W4:Y4) | AC4: =IF(OR(ISBLANK(F4), ISBLANK(G4)), 0, IF(AND(F4=AA4, G4=AB4), 25, IF(AND(SIGN(F4-G4)=SIGN(AA4-AB4), OR(AND(F4>G4, F4=AA4), AND(G4>F4, G4=AB4))), 18, IF(SIGN(F4-G4)=SIGN(AA4-AB4), 12, IF(OR(F4=AA4, G4=AB4), 5, 0))))) | AD4: =IF(OR(ISBLANK(F4), ISBLANK(AA4)), 0, IF(F4=AA4, 3, 0)) | AE4: =IF(OR(ISBLANK(G4), ISBLANK(AB4)), 0, IF(G4=AB4, 3, 0)) | AF4: =SUM(AC4:AE4) | AI4: =IF(OR(ISBLANK(F4), ISBLANK(G4)), 0, IF(AND(F4=AG4, G4=AH4), 25, IF(AND(SIGN(F4-G4)=SIGN(AG4-AH4), OR(AND(F4>G4, F4=AG4), AND(G4>F4, G4=AH4))), 18, IF(SIGN(F4-G4)=SIGN(AG4-AH4), 12, IF(OR(F4=AG4, G4=AH4), 5, 0))))) | AJ4: =IF(OR(ISBLANK(F4), ISBLANK(AG4)), 0, IF(F4=AG4, 3, 0)) | AK4: =IF(OR(ISBLANK(G4), ISBLANK(AH4)), 0, IF(G4=AH4, 3, 0)) | AL4: =SUM(AI4:AK4)
A5: 3 | B5: 11/06/2026 | C5: 16:00 | D5: Grupo C | E5: Argentina | H5: Itália | K5: =IF(OR(ISBLANK(F5), ISBLANK(G5)), 0, IF(AND(F5=I5, G5=J5), 25, IF(AND(SIGN(F5-G5)=SIGN(I5-J5), OR(AND(F5>G5, F5=I5), AND(G5>F5, G5=J5))), 18, IF(SIGN(F5-G5)=SIGN(I5-J5), 12, IF(OR(F5=I5, G5=J5), 5, 0))))) | L5: =IF(OR(ISBLANK(F5), ISBLANK(I5)), 0, IF(F5=I5, 3, 0)) | M5: =IF(OR(ISBLANK(G5), ISBLANK(J5)), 0, IF(G5=J5, 3, 0)) | N5: =SUM(K5:M5) | Q5: =IF(OR(ISBLANK(F5), ISBLANK(G5)), 0, IF(AND(F5=O5, G5=P5), 25, IF(AND(SIGN(F5-G5)=SIGN(O5-P5), OR(AND(F5>G5, F5=O5), AND(G5>F5, G5=P5))), 18, IF(SIGN(F5-G5)=SIGN(O5-P5), 12, IF(OR(F5=O5, G5=P5), 5, 0))))) | R5: =IF(OR(ISBLANK(F5), ISBLANK(O5)), 0, IF(F5=O5, 3, 0)) | S5: =IF(OR(ISBLANK(G5), ISBLANK(P5)), 0, IF(G5=P5, 3, 0)) | T5: =SUM(Q5:S5) | W5: =IF(OR(ISBLANK(F5), ISBLANK(G5)), 0, IF(AND(F5=U5, G5=V5), 25, IF(AND(SIGN(F5-G5)=SIGN(U5-V5), OR(AND(F5>G5, F5=U5), AND(G5>F5, G5=V5))), 18, IF(SIGN(F5-G5)=SIGN(U5-V5), 12, IF(OR(F5=U5, G5=V5), 5, 0))))) | X5: =IF(OR(ISBLANK(F5), ISBLANK(U5)), 0, IF(F5=U5, 3, 0)) | Y5: =IF(OR(ISBLANK(G5), ISBLANK(V5)), 0, IF(G5=V5, 3, 0)) | Z5: =SUM(W5:Y5) | AC5: =IF(OR(ISBLANK(F5), ISBLANK(G5)), 0, IF(AND(F5=AA5, G5=AB5), 25, IF(AND(SIGN(F5-G5)=SIGN(AA5-AB5), OR(AND(F5>G5, F5=AA5), AND(G5>F5, G5=AB5))), 18, IF(SIGN(F5-G5)=SIGN(AA5-AB5), 12, IF(OR(F5=AA5, G5=AB5), 5, 0))))) | AD5: =IF(OR(ISBLANK(F5), ISBLANK(AA5)), 0, IF(F5=AA5, 3, 0)) | AE5: =IF(OR(ISBLANK(G5), ISBLANK(AB5)), 0, IF(G5=AB5, 3, 0)) | AF5: =SUM(AC5:AE5) | AI5: =IF(OR(ISBLANK(F5), ISBLANK(G5)), 0, IF(AND(F5=AG5, G5=AH5), 25, IF(AND(SIGN(F5-G5)=SIGN(AG5-AH5), OR(AND(F5>G5, F5=AG5), AND(G5>F5, G5=AH5))), 18, IF(SIGN(F5-G5)=SIGN(AG5-AH5), 12, IF(OR(F5=AG5, G5=AH5), 5, 0))))) | AJ5: =IF(OR(ISBLANK(F5), ISBLANK(AG5)), 0, IF(F5=AG5, 3, 0)) | AK5: =IF(OR(ISBLANK(G5), ISBLANK(AH5)), 0, IF(G5=AH5, 3, 0)) | AL5: =SUM(AI5:AK5)
A6: 4 | B6: 11/06/2026 | C6: 13:00 | D6: Grupo D | E6: Alemanha | H6: Colômbia | K6: =IF(OR(ISBLANK(F6), ISBLANK(G6)), 0, IF(AND(F6=I6, G6=J6), 25, IF(AND(SIGN(F6-G6)=SIGN(I6-J6), OR(AND(F6>G6, F6=I6), AND(G6>F6, G6=J6))), 18, IF(SIGN(F6-G6)=SIGN(I6-J6), 12, IF(OR(F6=I6, G6=J6), 5, 0))))) | L6: =IF(OR(ISBLANK(F6), ISBLANK(I6)), 0, IF(F6=I6, 3, 0)) | M6: =IF(OR(ISBLANK(G6), ISBLANK(J6)), 0, IF(G6=J6, 3, 0)) | N6: =SUM(K6:M6) | Q6: =IF(OR(ISBLANK(F6), ISBLANK(G6)), 0, IF(AND(F6=O6, G6=P6), 25, IF(AND(SIGN(F6-G6)=SIGN(O6-P6), OR(AND(F6>G6, F6=O6), AND(G6>F6, G6=P6))), 18, IF(SIGN(F6-G6)=SIGN(O6-P6), 12, IF(OR(F6=O6, G6=P6), 5, 0))))) | R6: =IF(OR(ISBLANK(F6), ISBLANK(O6)), 0, IF(F6=O6, 3, 0)) | S6: =IF(OR(ISBLANK(G6), ISBLANK(P6)), 0, IF(G6=P6, 3, 0)) | T6: =SUM(Q6:S6) | W6: =IF(OR(ISBLANK(F6), ISBLANK(G6)), 0, IF(AND(F6=U6, G6=V6), 25, IF(AND(SIGN(F6-G6)=SIGN(U6-V6), OR(AND(F6>G6, F6=U6), AND(G6>F6, G6=V6))), 18, IF(SIGN(F6-G6)=SIGN(U6-V6), 12, IF(OR(F6=U6, G6=V6), 5, 0))))) | X6: =IF(OR(ISBLANK(F6), ISBLANK(U6)), 0, IF(F6=U6, 3, 0)) | Y6: =IF(OR(ISBLANK(G6), ISBLANK(V6)), 0, IF(G6=V6, 3, 0)) | Z6: =SUM(W6:Y6) | AC6: =IF(OR(ISBLANK(F6), ISBLANK(G6)), 0, IF(AND(F6=AA6, G6=AB6), 25, IF(AND(SIGN(F6-G6)=SIGN(AA6-AB6), OR(AND(F6>G6, F6=AA6), AND(G6>F6, G6=AB6))), 18, IF(SIGN(F6-G6)=SIGN(AA6-AB6), 12, IF(OR(F6=AA6, G6=AB6), 5, 0))))) | AD6: =IF(OR(ISBLANK(F6), ISBLANK(AA6)), 0, IF(F6=AA6, 3, 0)) | AE6: =IF(OR(ISBLANK(G6), ISBLANK(AB6)), 0, IF(G6=AB6, 3, 0)) | AF6: =SUM(AC6:AE6) | AI6: =IF(OR(ISBLANK(F6), ISBLANK(G6)), 0, IF(AND(F6=AG6, G6=AH6), 25, IF(AND(SIGN(F6-G6)=SIGN(AG6-AH6), OR(AND(F6>G6, F6=AG6), AND(G6>F6, G6=AH6))), 18, IF(SIGN(F6-G6)=SIGN(AG6-AH6), 12, IF(OR(F6=AG6, G6=AH6), 5, 0))))) | AJ6: =IF(OR(ISBLANK(F6), ISBLANK(AG6)), 0, IF(F6=AG6, 3, 0)) | AK6: =IF(OR(ISBLANK(G6), ISBLANK(AH6)), 0, IF(G6=AH6, 3, 0)) | AL6: =SUM(AI6:AK6)
A7: 5 | B7: 11/06/2026 | C7: 16:00 | D7: Grupo E | E7: Uruguai | H7: Camarões | K7: =IF(OR(ISBLANK(F7), ISBLANK(G7)), 0, IF(AND(F7=I7, G7=J7), 25, IF(AND(SIGN(F7-G7)=SIGN(I7-J7), OR(AND(F7>G7, F7=I7), AND(G7>F7, G7=J7))), 18, IF(SIGN(F7-G7)=SIGN(I7-J7), 12, IF(OR(F7=I7, G7=J7), 5, 0))))) | L7: =IF(OR(ISBLANK(F7), ISBLANK(I7)), 0, IF(F7=I7, 3, 0)) | M7: =IF(OR(ISBLANK(G7), ISBLANK(J7)), 0, IF(G7=J7, 3, 0)) | N7: =SUM(K7:M7) | Q7: =IF(OR(ISBLANK(F7), ISBLANK(G7)), 0, IF(AND(F7=O7, G7=P7), 25, IF(AND(SIGN(F7-G7)=SIGN(O7-P7), OR(AND(F7>G7, F7=O7), AND(G7>F7, G7=P7))), 18, IF(SIGN(F7-G7)=SIGN(O7-P7), 12, IF(OR(F7=O7, G7=P7), 5, 0))))) | R7: =IF(OR(ISBLANK(F7), ISBLANK(O7)), 0, IF(F7=O7, 3, 0)) | S7: =IF(OR(ISBLANK(G7), ISBLANK(P7)), 0, IF(G7=P7, 3, 0)) | T7: =SUM(Q7:S7) | W7: =IF(OR(ISBLANK(F7), ISBLANK(G7)), 0, IF(AND(F7=U7, G7=V7), 25, IF(AND(SIGN(F7-G7)=SIGN(U7-V7), OR(AND(F7>G7, F7=U7), AND(G7>F7, G7=V7))), 18, IF(SIGN(F7-G7)=SIGN(U7-V7), 12, IF(OR(F7=U7, G7=V7), 5, 0))))) | X7: =IF(OR(ISBLANK(F7), ISBLANK(U7)), 0, IF(F7=U7, 3, 0)) | Y7: =IF(OR(ISBLANK(G7), ISBLANK(V7)), 0, IF(G7=V7, 3, 0)) | Z7: =SUM(W7:Y7) | AC7: =IF(OR(ISBLANK(F7), ISBLANK(G7)), 0, IF(AND(F7=AA7, G7=AB7), 25, IF(AND(SIGN(F7-G7)=SIGN(AA7-AB7), OR(AND(F7>G7, F7=AA7), AND(G7>F7, G7=AB7))), 18, IF(SIGN(F7-G7)=SIGN(AA7-AB7), 12, IF(OR(F7=AA7, G7=AB7), 5, 0))))) | AD7: =IF(OR(ISBLANK(F7), ISBLANK(AA7)), 0, IF(F7=AA7, 3, 0)) | AE7: =IF(OR(ISBLANK(G7), ISBLANK(AB7)), 0, IF(G7=AB7, 3, 0)) | AF7: =SUM(AC7:AE7) | AI7: =IF(OR(ISBLANK(F7), ISBLANK(G7)), 0, IF(AND(F7=AG7, G7=AH7), 25, IF(AND(SIGN(F7-G7)=SIGN(AG7-AH7), OR(AND(F7>G7, F7=AG7), AND(G7>F7, G7=AH7))), 18, IF(SIGN(F7-G7)=SIGN(AG7-AH7), 12, IF(OR(F7=AG7, G7=AH7), 5, 0))))) | AJ7: =IF(OR(ISBLANK(F7), ISBLANK(AG7)), 0, IF(F7=AG7, 3, 0)) | AK7: =IF(OR(ISBLANK(G7), ISBLANK(AH7)), 0, IF(G7=AH7, 3, 0)) | AL7: =SUM(AI7:AK7)
A8: 6 | B8: 11/06/2026 | C8: 13:00 | D8: Grupo F | E8: Holanda | H8: Tunísia | K8: =IF(OR(ISBLANK(F8), ISBLANK(G8)), 0, IF(AND(F8=I8, G8=J8), 25, IF(AND(SIGN(F8-G8)=SIGN(I8-J8), OR(AND(F8>G8, F8=I8), AND(G8>F8, G8=J8))), 18, IF(SIGN(F8-G8)=SIGN(I8-J8), 12, IF(OR(F8=I8, G8=J8), 5, 0))))) | L8: =IF(OR(ISBLANK(F8), ISBLANK(I8)), 0, IF(F8=I8, 3, 0)) | M8: =IF(OR(ISBLANK(G8), ISBLANK(J8)), 0, IF(G8=J8, 3, 0)) | N8: =SUM(K8:M8) | Q8: =IF(OR(ISBLANK(F8), ISBLANK(G8)), 0, IF(AND(F8=O8, G8=P8), 25, IF(AND(SIGN(F8-G8)=SIGN(O8-P8), OR(AND(F8>G8, F8=O8), AND(G8>F8, G8=P8))), 18, IF(SIGN(F8-G8)=SIGN(O8-P8), 12, IF(OR(F8=O8, G8=P8), 5, 0))))) | R8: =IF(OR(ISBLANK(F8), ISBLANK(O8)), 0, IF(F8=O8, 3, 0)) | S8: =IF(OR(ISBLANK(G8), ISBLANK(P8)), 0, IF(G8=P8, 3, 0)) | T8: =SUM(Q8:S8) | W8: =IF(OR(ISBLANK(F8), ISBLANK(G8)), 0, IF(AND(F8=U8, G8=V8), 25, IF(AND(SIGN(F8-G8)=SIGN(U8-V8), OR(AND(F8>G8, F8=U8), AND(G8>F8, G8=V8))), 18, IF(SIGN(F8-G8)=SIGN(U8-V8), 12, IF(OR(F8=U8, G8=V8), 5, 0))))) | X8: =IF(OR(ISBLANK(F8), ISBLANK(U8)), 0, IF(F8=U8, 3, 0)) | Y8: =IF(OR(ISBLANK(G8), ISBLANK(V8)), 0, IF(G8=V8, 3, 0)) | Z8: =SUM(W8:Y8) | AC8: =IF(OR(ISBLANK(F8), ISBLANK(G8)), 0, IF(AND(F8=AA8, G8=AB8), 25, IF(AND(SIGN(F8-G8)=SIGN(AA8-AB8), OR(AND(F8>G8, F8=AA8), AND(G8>F8, G8=AB8))), 18, IF(SIGN(F8-G8)=SIGN(AA8-AB8), 12, IF(OR(F8=AA8, G8=AB8), 5, 0))))) | AD8: =IF(OR(ISBLANK(F8), ISBLANK(AA8)), 0, IF(F8=AA8, 3, 0)) | AE8: =IF(OR(ISBLANK(G8), ISBLANK(AB8)), 0, IF(G8=AB8, 3, 0)) | AF8: =SUM(AC8:AE8) | AI8: =IF(OR(ISBLANK(F8), ISBLANK(G8)), 0, IF(AND(F8=AG8, G8=AH8), 25, IF(AND(SIGN(F8-G8)=SIGN(AG8-AH8), OR(AND(F8>G8, F8=AG8), AND(G8>F8, G8=AH8))), 18, IF(SIGN(F8-G8)=SIGN(AG8-AH8), 12, IF(OR(F8=AG8, G8=AH8), 5, 0))))) | AJ8: =IF(OR(ISBLANK(F8), ISBLANK(AG8)), 0, IF(F8=AG8, 3, 0)) | AK8: =IF(OR(ISBLANK(G8), ISBLANK(AH8)), 0, IF(G8=AH8, 3, 0)) | AL8: =SUM(AI8:AK8)
A9: 7 | B9: 11/06/2026 | C9: 16:00 | D9: Grupo G | E9: Croácia | H9: Irã | K9: =IF(OR(ISBLANK(F9), ISBLANK(G9)), 0, IF(AND(F9=I9, G9=J9), 25, IF(AND(SIGN(F9-G9)=SIGN(I9-J9), OR(AND(F9>G9, F9=I9), AND(G9>F9, G9=J9))), 18, IF(SIGN(F9-G9)=SIGN(I9-J9), 12, IF(OR(F9=I9, G9=J9), 5, 0))))) | L9: =IF(OR(ISBLANK(F9), ISBLANK(I9)), 0, IF(F9=I9, 3, 0)) | M9: =IF(OR(ISBLANK(G9), ISBLANK(J9)), 0, IF(G9=J9, 3, 0)) | N9: =SUM(K9:M9) | Q9: =IF(OR(ISBLANK(F9), ISBLANK(G9)), 0, IF(AND(F9=O9, G9=P9), 25, IF(AND(SIGN(F9-G9)=SIGN(O9-P9), OR(AND(F9>G9, F9=O9), AND(G9>F9, G9=P9))), 18, IF(SIGN(F9-G9)=SIGN(O9-P9), 12, IF(OR(F9=O9, G9=P9), 5, 0))))) | R9: =IF(OR(ISBLANK(F9), ISBLANK(O9)), 0, IF(F9=O9, 3, 0)) | S9: =IF(OR(ISBLANK(G9), ISBLANK(P9)), 0, IF(G9=P9, 3, 0)) | T9: =SUM(Q9:S9) | W9: =IF(OR(ISBLANK(F9), ISBLANK(G9)), 0, IF(AND(F9=U9, G9=V9), 25, IF(AND(SIGN(F9-G9)=SIGN(U9-V9), OR(AND(F9>G9, F9=U9), AND(G9>F9, G9=V9))), 18, IF(SIGN(F9-G9)=SIGN(U9-V9), 12, IF(OR(F9=U9, G9=V9), 5, 0))))) | X9: =IF(OR(ISBLANK(F9), ISBLANK(U9)), 0, IF(F9=U9, 3, 0)) | Y9: =IF(OR(ISBLANK(G9), ISBLANK(V9)), 0, IF(G9=V9, 3, 0)) | Z9: =SUM(W9:Y9) | AC9: =IF(OR(ISBLANK(F9), ISBLANK(G9)), 0, IF(AND(F9=AA9, G9=AB9), 25, IF(AND(SIGN(F9-G9)=SIGN(AA9-AB9), OR(AND(F9>G9, F9=AA9), AND(G9>F9, G9=AB9))), 18, IF(SIGN(F9-G9)=SIGN(AA9-AB9), 12, IF(OR(F9=AA9, G9=AB9), 5, 0))))) | AD9: =IF(OR(ISBLANK(F9), ISBLANK(AA9)), 0, IF(F9=AA9, 3, 0)) | AE9: =IF(OR(ISBLANK(G9), ISBLANK(AB9)), 0, IF(G9=AB9, 3, 0)) | AF9: =SUM(AC9:AE9) | AI9: =IF(OR(ISBLANK(F9), ISBLANK(G9)), 0, IF(AND(F9=AG9, G9=AH9), 25, IF(AND(SIGN(F9-G9)=SIGN(AG9-AH9), OR(AND(F9>G9, F9=AG9), AND(G9>F9, G9=AH9))), 18, IF(SIGN(F9-G9)=SIGN(AG9-AH9), 12, IF(OR(F9=AG9, G9=AH9), 5, 0))))) | AJ9: =IF(OR(ISBLANK(F9), ISBLANK(AG9)), 0, IF(F9=AG9, 3, 0)) | AK9: =IF(OR(ISBLANK(G9), ISBLANK(AH9)), 0, IF(G9=AH9, 3, 0)) | AL9: =SUM(AI9:AK9)
A10: 8 | B10: 11/06/2026 | C10: 13:00 | D10: Grupo H | E10: Senegal | H10: Peru | K10: =IF(OR(ISBLANK(F10), ISBLANK(G10)), 0, IF(AND(F10=I10, G10=J10), 25, IF(AND(SIGN(F10-G10)=SIGN(I10-J10), OR(AND(F10>G10, F10=I10), AND(G10>F10, G10=J10))), 18, IF(SIGN(F10-G10)=SIGN(I10-J10), 12, IF(OR(F10=I10, G10=J10), 5, 0))))) | L10: =IF(OR(ISBLANK(F10), ISBLANK(I10)), 0, IF(F10=I10, 3, 0)) | M10: =IF(OR(ISBLANK(G10), ISBLANK(J10)), 0, IF(G10=J10, 3, 0)) | N10: =SUM(K10:M10) | Q10: =IF(OR(ISBLANK(F10), ISBLANK(G10)), 0, IF(AND(F10=O10, G10=P10), 25, IF(AND(SIGN(F10-G10)=SIGN(O10-P10), OR(AND(F10>G10, F10=O10), AND(G10>F10, G10=P10))), 18, IF(SIGN(F10-G10)=SIGN(O10-P10), 12, IF(OR(F10=O10, G10=P10), 5, 0))))) | R10: =IF(OR(ISBLANK(F10), ISBLANK(O10)), 0, IF(F10=O10, 3, 0)) | S10: =IF(OR(ISBLANK(G10), ISBLANK(P10)), 0, IF(G10=P10, 3, 0)) | T10: =SUM(Q10:S10) | W10: =IF(OR(ISBLANK(F10), ISBLANK(G10)), 0, IF(AND(F10=U10, G10=V10), 25, IF(AND(SIGN(F10-G10)=SIGN(U10-V10), OR(AND(F10>G10, F10=U10), AND(G10>F10, G10=V10))), 18, IF(SIGN(F10-G10)=SIGN(U10-V10), 12, IF(OR(F10=U10, G10=V10), 5, 0))))) | X10: =IF(OR(ISBLANK(F10), ISBLANK(U10)), 0, IF(F10=U10, 3, 0)) | Y10: =IF(OR(ISBLANK(G10), ISBLANK(V10)), 0, IF(G10=V10, 3, 0)) | Z10: =SUM(W10:Y10) | AC10: =IF(OR(ISBLANK(F10), ISBLANK(G10)), 0, IF(AND(F10=AA10, G10=AB10), 25, IF(AND(SIGN(F10-G10)=SIGN(AA10-AB10), OR(AND(F10>G10, F10=AA10), AND(G10>F10, G10=AB10))), 18, IF(SIGN(F10-G10)=SIGN(AA10-AB10), 12, IF(OR(F10=AA10, G10=AB10), 5, 0))))) | AD10: =IF(OR(ISBLANK(F10), ISBLANK(AA10)), 0, IF(F10=AA10, 3, 0)) | AE10: =IF(OR(ISBLANK(G10), ISBLANK(AB10)), 0, IF(G10=AB10, 3, 0)) | AF10: =SUM(AC10:AE10) | AI10: =IF(OR(ISBLANK(F10), ISBLANK(G10)), 0, IF(AND(F10=AG10, G10=AH10), 25, IF(AND(SIGN(F10-G10)=SIGN(AG10-AH10), OR(AND(F10>G10, F10=AG10), AND(G10>F10, G10=AH10))), 18, IF(SIGN(F10-G10)=SIGN(AG10-AH10), 12, IF(OR(F10=AG10, G10=AH10), 5, 0))))) | AJ10: =IF(OR(ISBLANK(F10), ISBLANK(AG10)), 0, IF(F10=AG10, 3, 0)) | AK10: =IF(OR(ISBLANK(G10), ISBLANK(AH10)), 0, IF(G10=AH10, 3, 0)) | AL10: =SUM(AI10:AK10)
A11: 9 | B11: 11/06/2026 | C11: 16:00 | D11: Grupo I | E11: México | H11: Costa Rica | K11: =IF(OR(ISBLANK(F11), ISBLANK(G11)), 0, IF(AND(F11=I11, G11=J11), 25, IF(AND(SIGN(F11-G11)=SIGN(I11-J11), OR(AND(F11>G11, F11=I11), AND(G11>F11, G11=J11))), 18, IF(SIGN(F11-G11)=SIGN(I11-J11), 12, IF(OR(F11=I11, G11=J11), 5, 0))))) | L11: =IF(OR(ISBLANK(F11), ISBLANK(I11)), 0, IF(F11=I11, 3, 0)) | M11: =IF(OR(ISBLANK(G11), ISBLANK(J11)), 0, IF(G11=J11, 3, 0)) | N11: =SUM(K11:M11) | Q11: =IF(OR(ISBLANK(F11), ISBLANK(G11)), 0, IF(AND(F11=O11, G11=P11), 25, IF(AND(SIGN(F11-G11)=SIGN(O11-P11), OR(AND(F11>G11, F11=O11), AND(G11>F11, G11=P11))), 18, IF(SIGN(F11-G11)=SIGN(O11-P11), 12, IF(OR(F11=O11, G11=P11), 5, 0))))) | R11: =IF(OR(ISBLANK(F11), ISBLANK(O11)), 0, IF(F11=O11, 3, 0)) | S11: =IF(OR(ISBLANK(G11), ISBLANK(P11)), 0, IF(G11=P11, 3, 0)) | T11: =SUM(Q11:S11) | W11: =IF(OR(ISBLANK(F11), ISBLANK(G11)), 0, IF(AND(F11=U11, G11=V11), 25, IF(AND(SIGN(F11-G11)=SIGN(U11-V11), OR(AND(F11>G11, F11=U11), AND(G11>F11, G11=V11))), 18, IF(SIGN(F11-G11)=SIGN(U11-V11), 12, IF(OR(F11=U11, G11=V11), 5, 0))))) | X11: =IF(OR(ISBLANK(F11), ISBLANK(U11)), 0, IF(F11=U11, 3, 0)) | Y11: =IF(OR(ISBLANK(G11), ISBLANK(V11)), 0, IF(G11=V11, 3, 0)) | Z11: =SUM(W11:Y11) | AC11: =IF(OR(ISBLANK(F11), ISBLANK(G11)), 0, IF(AND(F11=AA11, G11=AB11), 25, IF(AND(SIGN(F11-G11)=SIGN(AA11-AB11), OR(AND(F11>G11, F11=AA11), AND(G11>F11, G11=AB11))), 18, IF(SIGN(F11-G11)=SIGN(AA11-AB11), 12, IF(OR(F11=AA11, G11=AB11), 5, 0))))) | AD11: =IF(OR(ISBLANK(F11), ISBLANK(AA11)), 0, IF(F11=AA11, 3, 0)) | AE11: =IF(OR(ISBLANK(G11), ISBLANK(AB11)), 0, IF(G11=AB11, 3, 0)) | AF11: =SUM(AC11:AE11) | AI11: =IF(OR(ISBLANK(F11), ISBLANK(G11)), 0, IF(AND(F11=AG11, G11=AH11), 25, IF(AND(SIGN(F11-G11)=SIGN(AG11-AH11), OR(AND(F11>G11, F11=AG11), AND(G11>F11, G11=AH11))), 18, IF(SIGN(F11-G11)=SIGN(AG11-AH11), 12, IF(OR(F11=AG11, G11=AH11), 5, 0))))) | AJ11: =IF(OR(ISBLANK(F11), ISBLANK(AG11)), 0, IF(F11=AG11, 3, 0)) | AK11: =IF(OR(ISBLANK(G11), ISBLANK(AH11)), 0, IF(G11=AH11, 3, 0)) | AL11: =SUM(AI11:AK11)
A12: 10 | B12: 11/06/2026 | C12: 13:00 | D12: Grupo J | E12: Brasil | H12: Marrocos | K12: =IF(OR(ISBLANK(F12), ISBLANK(G12)), 0, IF(AND(F12=I12, G12=J12), 25, IF(AND(SIGN(F12-G12)=SIGN(I12-J12), OR(AND(F12>G12, F12=I12), AND(G12>F12, G12=J12))), 18, IF(SIGN(F12-G12)=SIGN(I12-J12), 12, IF(OR(F12=I12, G12=J12), 5, 0))))) | L12: =IF(OR(ISBLANK(F12), ISBLANK(I12)), 0, IF(F12=I12, 3, 0)) | M12: =IF(OR(ISBLANK(G12), ISBLANK(J12)), 0, IF(G12=J12, 3, 0)) | N12: =SUM(K12:M12) | Q12: =IF(OR(ISBLANK(F12), ISBLANK(G12)), 0, IF(AND(F12=O12, G12=P12), 25, IF(AND(SIGN(F12-G12)=SIGN(O12-P12), OR(AND(F12>G12, F12=O12), AND(G12>F12, G12=P12))), 18, IF(SIGN(F12-G12)=SIGN(O12-P12), 12, IF(OR(F12=O12, G12=P12), 5, 0))))) | R12: =IF(OR(ISBLANK(F12), ISBLANK(O12)), 0, IF(F12=O12, 3, 0)) | S12: =IF(OR(ISBLANK(G12), ISBLANK(P12)), 0, IF(G12=P12, 3, 0)) | T12: =SUM(Q12:S12) | W12: =IF(OR(ISBLANK(F12), ISBLANK(G12)), 0, IF(AND(F12=U12, G12=V12), 25, IF(AND(SIGN(F12-G12)=SIGN(U12-V12), OR(AND(F12>G12, F12=U12), AND(G12>F12, G12=V12))), 18, IF(SIGN(F12-G12)=SIGN(U12-V12), 12, IF(OR(F12=U12, G12=V12), 5, 0))))) | X12: =IF(OR(ISBLANK(F12), ISBLANK(U12)), 0, IF(F12=U12, 3, 0)) | Y12: =IF(OR(ISBLANK(G12), ISBLANK(V12)), 0, IF(G12=V12, 3, 0)) | Z12: =SUM(W12:Y12) | AC12: =IF(OR(ISBLANK(F12), ISBLANK(G12)), 0, IF(AND(F12=AA12, G12=AB12), 25, IF(AND(SIGN(F12-G12)=SIGN(AA12-AB12), OR(AND(F12>G12, F12=AA12), AND(G12>F12, G12=AB12))), 18, IF(SIGN(F12-G12)=SIGN(AA12-AB12), 12, IF(OR(F12=AA12, G12=AB12), 5, 0))))) | AD12: =IF(OR(ISBLANK(F12), ISBLANK(AA12)), 0, IF(F12=AA12, 3, 0)) | AE12: =IF(OR(ISBLANK(G12), ISBLANK(AB12)), 0, IF(G12=AB12, 3, 0)) | AF12: =SUM(AC12:AE12) | AI12: =IF(OR(ISBLANK(F12), ISBLANK(G12)), 0, IF(AND(F12=AG12, G12=AH12), 25, IF(AND(SIGN(F12-G12)=SIGN(AG12-AH12), OR(AND(F12>G12, F12=AG12), AND(G12>F12, G12=AH12))), 18, IF(SIGN(F12-G12)=SIGN(AG12-AH12), 12, IF(OR(F12=AG12, G12=AH12), 5, 0))))) | AJ12: =IF(OR(ISBLANK(F12), ISBLANK(AG12)), 0, IF(F12=AG12, 3, 0)) | AK12: =IF(OR(ISBLANK(G12), ISBLANK(AH12)), 0, IF(G12=AH12, 3, 0)) | AL12: =SUM(AI12:AK12)
A13: 11 | B13: 11/06/2026 | C13: 16:00 | D13: Grupo K | E13: Argentina | H13: Itália | K13: =IF(OR(ISBLANK(F13), ISBLANK(G13)), 0, IF(AND(F13=I13, G13=J13), 25, IF(AND(SIGN(F13-G13)=SIGN(I13-J13), OR(AND(F13>G13, F13=I13), AND(G13>F13, G13=J13))), 18, IF(SIGN(F13-G13)=SIGN(I13-J13), 12, IF(OR(F13=I13, G13=J13), 5, 0))))) | L13: =IF(OR(ISBLANK(F13), ISBLANK(I13)), 0, IF(F13=I13, 3, 0)) | M13: =IF(OR(ISBLANK(G13), ISBLANK(J13)), 0, IF(G13=J13, 3, 0)) | N13: =SUM(K13:M13) | Q13: =IF(OR(ISBLANK(F13), ISBLANK(G13)), 0, IF(AND(F13=O13, G13=P13), 25, IF(AND(SIGN(F13-G13)=SIGN(O13-P13), OR(AND(F13>G13, F13=O13), AND(G13>F13, G13=P13))), 18, IF(SIGN(F13-G13)=SIGN(O13-P13), 12, IF(OR(F13=O13, G13=P13), 5, 0))))) | R13: =IF(OR(ISBLANK(F13), ISBLANK(O13)), 0, IF(F13=O13, 3, 0)) | S13: =IF(OR(ISBLANK(G13), ISBLANK(P13)), 0, IF(G13=P13, 3, 0)) | T13: =SUM(Q13:S13) | W13: =IF(OR(ISBLANK(F13), ISBLANK(G13)), 0, IF(AND(F13=U13, G13=V13), 25, IF(AND(SIGN(F13-G13)=SIGN(U13-V13), OR(AND(F13>G13, F13=U13), AND(G13>F13, G13=V13))), 18, IF(SIGN(F13-G13)=SIGN(U13-V13), 12, IF(OR(F13=U13, G13=V13), 5, 0))))) | X13: =IF(OR(ISBLANK(F13), ISBLANK(U13)), 0, IF(F13=U13, 3, 0)) | Y13: =IF(OR(ISBLANK(G13), ISBLANK(V13)), 0, IF(G13=V13, 3, 0)) | Z13: =SUM(W13:Y13) | AC13: =IF(OR(ISBLANK(F13), ISBLANK(G13)), 0, IF(AND(F13=AA13, G13=AB13), 25, IF(AND(SIGN(F13-G13)=SIGN(AA13-AB13), OR(AND(F13>G13, F13=AA13), AND(G13>F13, G13=AB13))), 18, IF(SIGN(F13-G13)=SIGN(AA13-AB13), 12, IF(OR(F13=AA13, G13=AB13), 5, 0))))) | AD13: =IF(OR(ISBLANK(F13), ISBLANK(AA13)), 0, IF(F13=AA13, 3, 0)) | AE13: =IF(OR(ISBLANK(G13), ISBLANK(AB13)), 0, IF(G13=AB13, 3, 0)) | AF13: =SUM(AC13:AE13) | AI13: =IF(OR(ISBLANK(F13), ISBLANK(G13)), 0, IF(AND(F13=AG13, G13=AH13), 25, IF(AND(SIGN(F13-G13)=SIGN(AG13-AH13), OR(AND(F13>G13, F13=AG13), AND(G13>F13, G13=AH13))), 18, IF(SIGN(F13-G13)=SIGN(AG13-AH13), 12, IF(OR(F13=AG13, G13=AH13), 5, 0))))) | AJ13: =IF(OR(ISBLANK(F13), ISBLANK(AG13)), 0, IF(F13=AG13, 3, 0)) | AK13: =IF(OR(ISBLANK(G13), ISBLANK(AH13)), 0, IF(G13=AH13, 3, 0)) | AL13: =SUM(AI13:AK13)
A14: 12 | B14: 11/06/2026 | C14: 13:00 | D14: Grupo L | E14: Alemanha | H14: Colômbia | K14: =IF(OR(ISBLANK(F14), ISBLANK(G14)), 0, IF(AND(F14=I14, G14=J14), 25, IF(AND(SIGN(F14-G14)=SIGN(I14-J14), OR(AND(F14>G14, F14=I14), AND(G14>F14, G14=J14))), 18, IF(SIGN(F14-G14)=SIGN(I14-J14), 12, IF(OR(F14=I14, G14=J14), 5, 0))))) | L14: =IF(OR(ISBLANK(F14), ISBLANK(I14)), 0, IF(F14=I14, 3, 0)) | M14: =IF(OR(ISBLANK(G14), ISBLANK(J14)), 0, IF(G14=J14, 3, 0)) | N14: =SUM(K14:M14) | Q14: =IF(OR(ISBLANK(F14), ISBLANK(G14)), 0, IF(AND(F14=O14, G14=P14), 25, IF(AND(SIGN(F14-G14)=SIGN(O14-P14), OR(AND(F14>G14, F14=O14), AND(G14>F14, G14=P14))), 18, IF(SIGN(F14-G14)=SIGN(O14-P14), 12, IF(OR(F14=O14, G14=P14), 5, 0))))) | R14: =IF(OR(ISBLANK(F14), ISBLANK(O14)), 0, IF(F14=O14, 3, 0)) | S14: =IF(OR(ISBLANK(G14), ISBLANK(P14)), 0, IF(G14=P14, 3, 0)) | T14: =SUM(Q14:S14) | W14: =IF(OR(ISBLANK(F14), ISBLANK(G14)), 0, IF(AND(F14=U14, G14=V14), 25, IF(AND(SIGN(F14-G14)=SIGN(U14-V14), OR(AND(F14>G14, F14=U14), AND(G14>F14, G14=V14))), 18, IF(SIGN(F14-G14)=SIGN(U14-V14), 12, IF(OR(F14=U14, G14=V14), 5, 0))))) | X14: =IF(OR(ISBLANK(F14), ISBLANK(U14)), 0, IF(F14=U14, 3, 0)) | Y14: =IF(OR(ISBLANK(G14), ISBLANK(V14)), 0, IF(G14=V14, 3, 0)) | Z14: =SUM(W14:Y14) | AC14: =IF(OR(ISBLANK(F14), ISBLANK(G14)), 0, IF(AND(F14=AA14, G14=AB14), 25, IF(AND(SIGN(F14-G14)=SIGN(AA14-AB14), OR(AND(F14>G14, F14=AA14), AND(G14>F14, G14=AB14))), 18, IF(SIGN(F14-G14)=SIGN(AA14-AB14), 12, IF(OR(F14=AA14, G14=AB14), 5, 0))))) | AD14: =IF(OR(ISBLANK(F14), ISBLANK(AA14)), 0, IF(F14=AA14, 3, 0)) | AE14: =IF(OR(ISBLANK(G14), ISBLANK(AB14)), 0, IF(G14=AB14, 3, 0)) | AF14: =SUM(AC14:AE14) | AI14: =IF(OR(ISBLANK(F14), ISBLANK(G14)), 0, IF(AND(F14=AG14, G14=AH14), 25, IF(AND(SIGN(F14-G14)=SIGN(AG14-AH14), OR(AND(F14>G14, F14=AG14), AND(G14>F14, G14=AH14))), 18, IF(SIGN(F14-G14)=SIGN(AG14-AH14), 12, IF(OR(F14=AG14, G14=AH14), 5, 0))))) | AJ14: =IF(OR(ISBLANK(F14), ISBLANK(AG14)), 0, IF(F14=AG14, 3, 0)) | AK14: =IF(OR(ISBLANK(G14), ISBLANK(AH14)), 0, IF(G14=AH14, 3, 0)) | AL14: =SUM(AI14:AK14)
... A70: 68 | B70: 07/2026 | C70: 16:00 | D70: Grande Final | E70: Classificado 1 | H70: Classificado 2 | K70: =IF(OR(ISBLANK(F70), ISBLANK(G70)), 0, IF(AND(F70=I70, G70=J70), 25, IF(AND(SIGN(F70-G70)=SIGN(I70-J70), OR(AND(F70>G70, F70=I70), AND(G70>F70, G70=J70))), 18, IF(SIGN(F70-G70)=SIGN(I70-J70), 12, IF(OR(F70=I70, G70=J70), 5, 0))))) | L70: =IF(OR(ISBLANK(F70), ISBLANK(I70)), 0, IF(F70=I70, 3, 0)) | M70: =IF(OR(ISBLANK(G70), ISBLANK(J70)), 0, IF(G70=J70, 3, 0)) | N70: =SUM(K70:M70) | Q70: =IF(OR(ISBLANK(F70), ISBLANK(G70)), 0, IF(AND(F70=O70, G70=P70), 25, IF(AND(SIGN(F70-G70)=SIGN(O70-P70), OR(AND(F70>G70, F70=O70), AND(G70>F70, G70=P70))), 18, IF(SIGN(F70-G70)=SIGN(O70-P70), 12, IF(OR(F70=O70, G70=P70), 5, 0))))) | R70: =IF(OR(ISBLANK(F70), ISBLANK(O70)), 0, IF(F70=O70, 3, 0)) | S70: =IF(OR(ISBLANK(G70), ISBLANK(P70)), 0, IF(G70=P70, 3, 0)) | T70: =SUM(Q70:S70) | W70: =IF(OR(ISBLANK(F70), ISBLANK(G70)), 0, IF(AND(F70=U70, G70=V70), 25, IF(AND(SIGN(F70-G70)=SIGN(U70-V70), OR(AND(F70>G70, F70=U70), AND(G70>F70, G70=V70))), 18, IF(SIGN(F70-G70)=SIGN(U70-V70), 12, IF(OR(F70=U70, G70=V70), 5, 0))))) | X70: =IF(OR(ISBLANK(F70), ISBLANK(U70)), 0, IF(F70=U70, 3, 0)) | Y70: =IF(OR(ISBLANK(G70), ISBLANK(V70)), 0, IF(G70=V70, 3, 0)) | Z70: =SUM(W70:Y70) | AC70: =IF(OR(ISBLANK(F70), ISBLANK(G70)), 0, IF(AND(F70=AA70, G70=AB70), 25, IF(AND(SIGN(F70-G70)=SIGN(AA70-AB70), OR(AND(F70>G70, F70=AA70), AND(G70>F70, G70=AB70))), 18, IF(SIGN(F70-G70)=SIGN(AA70-AB70), 12, IF(OR(F70=AA70, G70=AB70), 5, 0))))) | AD70: =IF(OR(ISBLANK(F70), ISBLANK(AA70)), 0, IF(F70=AA70, 3, 0)) | AE70: =IF(OR(ISBLANK(G70), ISBLANK(AB70)), 0, IF(G70=AB70, 3, 0)) | AF70: =SUM(AC70:AE70) | AI70: =IF(OR(ISBLANK(F70), ISBLANK(G70)), 0, IF(AND(F70=AG70, G70=AH70), 25, IF(AND(SIGN(F70-G70)=SIGN(AG70-AH70), OR(AND(F70>G70, F70=AG70), AND(G70>F70, G70=AH70))), 18, IF(SIGN(F70-G70)=SIGN(AG70-AH70), 12, IF(OR(F70=AG70, G70=AH70), 5, 0))))) | AJ70: =IF(OR(ISBLANK(F70), ISBLANK(AG70)), 0, IF(F70=AG70, 3, 0)) | AK70: =IF(OR(ISBLANK(G70), ISBLANK(AH70)), 0, IF(G70=AH70, 3, 0)) | AL70: =SUM(AI70:AK70)

Sheet Painel & Ranking
A1: PAINEL DE CLASSIFICAÇÃO GERAL
A3: PAINEL FINANCEIRO
A4: Valor da Aposta: | B4: 50 | D4: 1º Lugar (60%): | E4: =B6*0.6
A5: Nº de Participantes: | B5: =COUNTA('Jogos & Palpites'!I1,'Jogos & Palpites'!O1,'Jogos & Palpites'!U1,'Jogos & Palpites'!AA1,'Jogos & Palpites'!AG1) | D5: 2º Lugar (30%): | E5: =B6*0.3
A6: Arrecadação Total: | B6: =B4*B5 | D6: 3º Lugar (10%): | E6: =B6*0.1
A9: CLASSIFICAÇÃO DOS PARTICIPANTES
A10: Posição | B10: Participante | C10: Pontos Totais
A11: 1 | B11: ='Jogos & Palpites'!I1 | C11: =SUM('Jogos & Palpites'!N3:N115)
A12: 2 | B12: ='Jogos & Palpites'!O1 | C12: =SUM('Jogos & Palpites'!T3:T115)
A13: 3 | B13: ='Jogos & Palpites'!U1 | C13: =SUM('Jogos & Palpites'!Z3:Z115)
A14: 4 | B14: ='Jogos & Palpites'!AA1 | C14: =SUM('Jogos & Palpites'!AF3:AF115)
A15: 5 | B15: ='Jogos & Palpites'!AG1 | C15: =SUM('Jogos & Palpites'!AL3:AL115)
